Entry,Sequence,Predicted_EC_Numbers
A0A0H2XEA6,TCAAGGACGTGCCTCCGCTGCCAGGCAGGTGTGGAAATGGGCAAACATGGCCTGCGCGCCGGCGATGGCGTCGGCACGCGCCGCTGCGCTCTGCAGGCGTTGCTCGAGCACCGCCTGAAAGCGCCGCCAGCCGGCCGGGTCTTCGTCGGCCAGCTCGAAATAGTGCAATGCATGCGCCAGGCCCGGCTGACGTTTGCGCAGCATGCGTGCAATCACCCGGCCACCCAGCTGAGAGCCTTCGATGACATACAGCATGCCCCAGCGCGCCGCCTCGCTGCTGGCCGGCGGCGGCACGGCGGCATCGACGGGTTGGCCGAGCACGCGCAGATCCTCCCGCAAGGCCGGCACCCGGCGGCGGTACTGCCAGCCGCTGCCCACCAGCGTCACCAGCCAGTCGCTCAGCTGTTCTTCGAAACCGGCCAGCAGCCGGTGATGCCGGCGCAGCACCTGCGCGTAGGTATCGGCGTCGATGTGGCCCTGCCCCAGCGCCTGCATCAG,3.1.26.-
Q5AD07,ATGAAGTATTTGTCCATTTTCTTACTTGCTACTTTTGCTTTGGCTGGTGATGCACCAATCTCAACTGACTCCAAAGGCAGTCCATCATTAATTGCTAAATTTGAAAAGACATCAAAATCAAATATTGAAGGTACTATCAAATTCACACCCGCTAATAACGGTACCGTTTCAGTTAGTGTTGATTTGAAAGGATTGCCCTCTGATATTGGTCCATTCCCATATCACGTTCATGAAAAACCAGTGCCAGCATCTAAGAATTGTTCTGCTACCGAAAACCATTTCAATCCTTACAATGGAACCGTTAGAGCTGCAACTCCTGCTGCTCATGAAGTTGGTGATTTGGCTGGAAAACATGGAAATATTATGGGCGAGTCCTACAAAACTGAATATGACGACTCCTACATTTCATTAAACGAAAAAAGCAGATCTTACATTGGCGGTTTATCAATTGTAATTCACGCCAACAATGGTACCAGATTGAACTGTGCTAATATCACTTTGCTTGACGAGGGACACGGCAATGCTAACACAACTATGTCAAACTCATCTTCATCATCATCTCAAAGTGCAGTCAACACTTCTTCTAGTATGGCTTCTACTGCTCCTCAAGGTAATGGCGCTGAGAGAGCAGTAGTAAATGGTCTCTTGGCAGCAGGTGTAGTTGGTGTCATTGCTGCCTTGATTTAA,1.15.1.1
O74831,ATGCAGTCTTTGCGAGCAGCCTTTCGCAGACGAACCCCAATTTTTTTGAAGCCTTATGAATTCTCGACTAATGTTTTTGGGCTACGCTGTAGGTATTATTCACAAGTACGGCATAATGGAGCTTTGACGGATCTTGAGTATCATCGAGTTGCAGATGACACCCTTGATGTCTTAAATGATACATTTGAGGATTTATTAGAAGAAGTAGGAAAAAAAGATTATGATATTCAATATGCTAATGGAGTAATTACTCTTATGCTTGGTGAAAAGGGGACTTATGTAATAAATAAGCAGCCTCCTGCTCATCAAATTTGGCTTTCATCCCCAGTAAGTGGTCCCAAACATTATGAATATTCTCTCAAATCAAAAACTTGGTGTTCAACCCGTGATGAAGGGACTCTACTAGGAATCTTATCGAGCGAATTCAGTAAATGGTTTTCGCGACCCATTGAGTTCAAAAAGTCCGAAGATTTT,
O46310,ATGAAACCGGTTGCGGCTGGCGCCGAGGTGCTGCCGGCGGACAAGGTTGCCCAGGGGACGAACGCCGAGGAGGAGCCGCTGCAGCAGGAGAACCCGTTCCGCTACGTCCTCTTCCCAATCCAGTACCATGACATCTGGCGGAAGTACAAGGAGCAGGAGAGCTGCATCTGGACGGTGGAGGAGATCGACCTGGGCAACGACATGAAGGACTGGGCAACGCTGAACGACGGTGAGCGGCACTTCATCAAGCATGTGCTTGCCTTCTTCGCCGGCAGCGACGGCATAGTCATCGAGAATCTTGCGCAGCGCTTCATGAGCGACGTGAAGGTGCCAGAGGCGCGCGCGTTCTACGGGTTCCAGCTGATGATGGAGAACATCCACTCGGAGACGTACTCTGTGCTGCTGGACACGTACATCACGGACAGCGAGGAGAAGCTGCGGCTGCTGCACGCGATACAGACGATCCCGTGCATCCAGAAGAAGGCGGAGTGGCCCGTGCGGTGGATCGGGAGCAGCGCGAGCTTTCAGCAGCGGCTGATCGGCTTTGCCGCGGTGGAGGGCATTTTCTTTTCCGGGTCGTTCTGCGCGCTGTTCTGGCTGAAGAAGCGCGGTCTGATGCCAGGGCTGACGTTCAGCAACGAGCTCATCTCGCGCGACGAGGGTCTACACACGGACTTCGCATGCCTGCTGTACAACTCGCACATCAAGCACAAGCTGCCGCGCGAGCGCGTGCTGGAGATCATCGTGGATGCGGTGAACATCGAGCGTGAGTTCATCTGCGACGCGCTGCCGGTGCGGCTGATTGGCATGAACGCGGAGCTGATGGCGCAGTACATCGAGTTCGTCGCGGACCGGCTGCTGGTGTCGCTCGGCGAGGAGAAGCACTACCGCTCGACGCAGCCGTTCGACTTCATGGAGATGATCTCGCTGCAGGGCAAAACGAACTTCTTCGAGAAGAGGGTGGGGGAGTACCAGAAGGCCGGCGTGATGAGCACGGAGGGCACGTCGAAAAAGTTCTCCCTCTCGGAGGACTTC,1.8.1.4
Q8PU58,ATGTCTGGAATAATTGATAGCTATATACCGGTTGCCATATTTCTTGCCGTGGGACTGATCATGCCTCCCATGACAATGTTCATGGTAAAACAACTGAGTCCGAGGAGCAAAGCAGCCAGCAAATACACAACATACGAGTCGGGTTCCGTTCCAACAGGAACTGCAAGGATCCAGTTCAATGTTGAGTATTATCTCTATGCAATTGCTTTCGTTCTTTTTGATATTGAGGTGCTTTTCCTTTACCCTTGGGCTACAGTCTATAAGGGGCATGGGATTACCTCAATTGCAGTGGTTGAAATGTTTGTATTCATTTTCATACTGCTCTTCGGATATGTATATCTCTGGAAGAAGGAGGCCCTTACATGGGTGAAGTGA,4.2.1.1
Q5UQV6,ATGTCACCAGAACAATGGGGTATATACGGATGGACATTTTCACATGCGGTGGCTCTTGGATATCCGATAAATCCAACAGAAGAAGATAAATTGAGATATTATACTTTTTTTAATAGTTACCGATATGTTTTACCATGTGGCAAATGTAGGATAAATTATGCCGATCATTTGAATAAATATCCATTGACGGATGAAGTTTTATCTTCTCGAGAAAATCTTGTTAAATGGACTATTGATATTCACAATGTCGTCAATTATTATACTGGTAAAAAAATGTTGACATATCCTGAAGCAATTGAAGCCATTGAAAAAACTTTGACACCAAAGAAAAAATCAAGTTATAATTGGTTTTTTATCATTCTCATAATAATTGGAATTATCGTTATTATATATTTGATGTACATCGTTTTTAAGAAAAAATTGAATAAATAA,3.1.-.-
Q8IRW8,ATGAATATACCGAAGGTGACAACATCGCTTGGTGCCGCCGAAAAGGCGAAACCCGAAAGAGTAGCATCCGTGGCCGCCGCTGCCTTCAATGCGGTCAGCCTGCAGAAGCGCAGCGGCGACGACACCGCCACTCCGGCGGAGGATCCCACGCGCAAGAAGGCCAAGACGGAGCTGCTTCTCGGAACTGGAACGGCAGCGCCCAGTTTGCCCGCCAAAGCGTCGAGCACCGCGCCGCAGCAGCTCCTCTACCAGCGGAGTGGACAGCAGGCTAAGGCGCAGGTAAAAGCTGCGTCGGAGCCGCAGGATGTCGAGACGGCGGACGGCGTCTGGGACGCCCGCGATCAGCAGATCATAGTGTGCAACTTCGGCTCCGGCACTGAGATGGGTGCCATCAAGGCGGAGGACGCTGACAAGCAGACCTTTACCAGCTTTACCAAAAAGGAGGGTGCCTCATCGTCGGCCTCGTCATCATCGTCAACCGCGTCCGTCATTTCCATCGAGCCCAGTGGCTCGGGGCAGGATCATGCTGAAAACTCCGGCAAATCTGAGGACCTCGACTACGTACTGATGCCAGCCAGCGGCGCGGATAGCTCTACATCTGTGGGTAACTCCACCGGAACGGGAACACCAGCAGGAACGCCTATTGGAGCTACTACCTCCACCATTATTTTAAACGCTAACAACGGAACGGCAGGAGTCAGTGGAGCCGGCACCACTACAATCCTCACACAGAAATCCGGTCACACGAACTACAACATCTTCAATACCACGGCCACTGGTAGCCAAACGCCCACTACAACATTGTTAAACCGGGTGAATCTTCACCCCAAGATGAAAACCCAGCTGATGGTTAACGCCAAGAAGCTGTCGGAAGTAACGCAGACCACGGCGAAAGTGTCGATTGGCAACAAGACTATATCGGTGCCGCTGCTCAAGCCGCTGATGAGCGCTAGTGGAGCGGCCACAGCCGGAGGAGCCACGATTGTAGAGAGCAAGCAACTGCTGCAGCCGGGCGGTCAGGTGACTACCGTAATGAGTGCTGCGCAGCAAAGCGGTGGTCAGCAGGTCCACCCGCACGTCCATTCTCATGCACATCACAACTTTACCAAACTTATCAAACGCGGGCCAAAAAATAGCGGCACCATTGTCTCGTTTTCGGGGCTACAGATCAAGCCGGCGAACACCAAAATTGTGGCCACCAAGGTGGTGAGCAAAAAGATGCTGCAACTTCAGCAGCACCAACAACAGATCCAACAGCAGCAGCAGCTTCAGCAGCTGCAGGTGACCAGTGGTGGAGGCCTGGCTCCGCCCACAGGCAGCATAGTGACTATCACCACCACCAACCCCAGCCAAACGTACGCAATGGTTCAGGATTCCGCAACTGTGGGACCTGCGGCCCATTCGGAAGACGATGCGCCAGCGCCTCGAAAGATTACAGCCTACTCGGAGAACCTTCAAAAAATTCTCAACAAGAGCAAGTCCCAGGAATCGACTGGAGGCCCGGAGGAGTTCACCAACATCAACAGCGTGGTGATTAAGCCGCTCGACAAGAATACACTCAATTGTCCACCCAGCTTTAACATCTTTAAGCAGCAGCAGCACTCACAGGCTGCTCAAAGCCAATCAATCTCCGCGGTAGGCAGTGGAGCAGGCACACCCGTGACGTTTACCATGGCTTCGGGGAATGCCTCAGATCTGGCCACCACCTCCACCGTTTCCGTTTCGGCGGGGACCATCTGCATAAACAGTCCGATGATGGGCACGCGGCCAATAATCTCCATTCAGAACAAGAACATATCCCTGGTGCTGTCCAAGACGACCATGGCCCAGCAAAAACCGAAGATGATAACTACAACCACGTTGTCCAGTCAGGCGGCGCTGCAGATGCATCATGCTTTGATTCAGGATTCTAGTGCAGACAAGGCGGGATCTTCTGCAAACTCCGGATCAGCTACCTCGGGAGCTTCAATGCAGCTGAAACTAACGACCGCCAATACGCCCACCAAACTCAGCGTTAGTCTGGCTCCGGACGTAGTCAAGCTGGAAGAAGTTGGCAGCGAATCTAAAGCAAAGCTACTGGTCAAACAGGAGGCGGTTGTGAAGGATAGCACTGGTACTCCGACCAGTGAGGAGCGGGCTGAGGAGATCGGCACGCCGGAGAAGCGTTTGAACGCCAATGCCACAATGACGGCTATTAACCAGGTTCAAAATCAGTCCGCCAATCAAATTCAAATGGCCACATCTACCTCAACTGCCTCGAATCCCAGCACACCCAATCCTACAGTGAACGCCACACCTATGAACAACCAACGCTCGGCAGCGGAGGATAATGCACTTCTAAAGCAACTGCTCCAAAACAACAGCAGCAGTCATAGCCTCAACCAGATAAGCATCACTTCGGCTCACGTTGGTTCCGCCTCAGCTTCGGCACCTCTTTCCGCCCGCAAGGTTATCAACGTACGGGCGCCCAGCATGGGGAAGGTCAGAAGTTTGGAGGATCAACTGGCACGTCCGGTGATTCCTCCGGTGCCCACTGCCACGCAGGCGGCAGGTAGTAGTAGTAGCAGTGGATCTGTGGCCACGTCCACCACCACCACAACAGTAGCTAGCGGAGGAAGCAGCCAACAGGTAGCCACCGCCTCAGCGACGGCTCTACCTGTTAGTGCGGTCGCAATTACCACACCAGGAGTGGGAGGGGAGGCAAAGCTGGAGCAGAAATCCGATCAGCCAGCAGCAATTATGCAGAATCAGAGCCAAAACCAGGCGCCTCCACCACCACCGCCACCACAGCAGCAGCAGCAGCAGCAACTACACCAGCCGCAGCAGCTGCAACCGTCACCCCACCAAGTCAAGCAGACTGTGCAGATTGTGTCGAAGGAGACGTCGTTCATCTCAGGACCCGTTGCTGCTAAAACACTAGTGACGGAAGCCACTTCGAAGCCGGCTGAACTACTACCTCCTCCGCCTTACGAAATGGCCACTGCTCCTATATCGAACGTCACCATATCCATATCCACCAAACAAGCGGCTCCGAAGGAACTGCAGATGAAGCCCAAGGCGGTAGCTATGTCACTACCCATGGAGCAGGGCGACGAATCGCTGCCAGAGCAAGCGGAGCCGCCGCTTCATTCGGAACAGGGAGCTACTGCAGCGGGAGTTGCACCTCACTCCGGAGGTCCCCTTGTGTCTGCGCAATGGACCAATAACCATTTAGAAGGAGGTGTAGCCACCACAAAGATACCGTTCAAGCCTGGAGAGCCTCAAAAACGCAAGCTCCCCATGCACCCACAACTGGACGAAAAGCAGATCCAGCAACAGGCAGAGATTCCCATAAGCACCTCCCTACCAACAACTCCGACTGGACAAGGTACTCCCGACAAAGTACAGCTGATCTCAGCGATTGCCACTTATGTAAAGAAATCCGGTGTCCCGAACGAGGCACAACCCATCCAGAACCAGAGCCAGGGCCAGGTGCAGATGCAGGCGCAAATGCAGGCGACTATGCAAGGACACCTGTCTGGGCAGATGTCCGGACAAATCTCCGGACATGCCGCTGGACAGATACCCGCTCAAATGCATTTGCAAGTACAGCATCAGCTCCATATGGCAGTTCATCCACAGCAGCAGCAGCAGCAACTGCACCAGAACCAACCACAGAATGCGACGATTCCCCTTCCAGTTACTGGACAGGGTGCAGTGCCCATCCCCGTGCCCACCATGGAGAGCAAGGCAGGCGACCAAAGGAAGCGCCGCAAACGTGAGGTCCAGAAGCCGAGGCGCACAAATCTGAACGCCGGACAAGCGGGTGGAGCTCTTAAGGATCTAACAGGTCCACTACCGGCAGGTGCAATGGTCCAACTGGCAGGAATGCCGCCGGGGACCCAGTACATACAAGGCGCGGCATCAGGGACTGGTCATGTGATCACCAGTACCGGACAAGGAGTTACTTTGGGAGGAGTGGGCGCCAGTACTGGAGCCAGTTCCTCGCCCATGCTCAAGAAGCGGGTTCGCAAGTTCTCCAAGGTAGAAGAGGATCACGATGCATTTACCGAGAAGTTGCTGACGCACATCCGCCAAATGCAGCCGCTTCAAGTTCTGGAGCCGCATCTCAATCGCAACTTTCACTTTCTTATCGGGAGCAACGAGACTTCTGGAGGTGGTTCGCCCGCCTCAATGAGTTCTGCGGCTTCTGCCGGATCATCATCGGCTGGAGGAGGAAAGCTGAAGGGCGGATCTCGAGGCTGGCCACTGAGCAGGCATTTGGAAGGTCTGGAGGACTGTGATGGCACCGTTCTCGGCCGCTATGGTCGAGTGAATCTGCCAGGGATACCCTCGTTGTACGATAGCGAACGCTTTGGCGGAAGTAGAGGTCTAGTTGGTGGATCTGCACGAACCCGTTCACCCTCGCCAGCAGAGTCTCCGGGAGCAGAAAAGATGCTACCAATGTCTAGCATCCAAAATGATTTTTATGACCAGGAGTTCTCCACGCATATGGAGCGCAATCCTAGGGAACGCCTGGTGCGGCACATTGGAGCCGTCAAGGATTGCAATTTGGAGACCGTAGACCTGGTGGAGAGCGAGGGCGTAGCTGCGTGGGCGACTCTTCCACGACTTACCCGCTATCCGGGTCTAATACTGCTCAATGGAAACAGCCGTTGCCATGGACGGATGTCGCCGGTCGCACTGCCGGAGGATCCGCTGACCATGCGCTTTCCCGTGTCTCCACTGCTTCGATCCTGCGGCGAAGAGCTGCGCAAGACACAGCAGATGGAGCTGGGAATGGGACCGCTGGGCAATAATAATAATAACAATTACCAGCAGAAGAACCAGAATGTGATACTCGCACTGCCCGCCTCGGCATCGGAGAACATAGCCGGCGTGCTGCGGGATCTGGCCAATCTACTGCACTTGGCGCCCGCCCTTACCTGCAAGATCATCGAGGACAAGATTGGCAACAAGTTGGAGGACCAGTTTATGAATCAGGACGATGAAAAGCACGTCGACTTCAAGCGACCACTGAGTCAAGTGAGTCACGGTCATCTGAGGAAGATCCTCAACGGGCGTCGTAAGCTCTGCCGCAGCTGCGGAAATGTGGTTCACGCCACTGGGCTGCGAGTTCCTCGGCACAGTGTTCCTGCCCTAGAAGAGCAACTCCCCCGGTTGGCTCAACTGATGGACATGCTGCCAAGAAAATCGGTTCCCCCTCCTTTTGTGTACTTCTGCGATCGCGCCTGCTTTGCGAGATTCAAGTGGAATGGAAAGGATGGCCAGGCGGAGGCGGCTAGTCTGCTGCTTCAGCCAGCCGGCGGTTCTGCTGTAAAATCATCCAACGGAGACTCGCCTGGCAGCTTCTGCGCCAGCTCAACTGCCCCAGCGGAAATGGTGGTCAAACAAGAACCGGAGGACGAGGATGAGAAAACGCCGAGCGTACCGGGCAACCCCACAAATATCCCCGCACAGCGCAAATGCATTGTGAAGTGTTTTAGTGCTGATTGCTTCACCACGGACTCGGCGCCATCCGGACTGGAGCTCGACGGAACTGCTGGTGCCGGAACTGGGGCTGGACCGGTCAATAATACTGTGTGGGAAACAGAGACCAGTGGGCTGCAGTTGGAGGACACGCGGCAGTGTGTCTTCTGCAATCAGCGTGGTGACGGCCAGGCAGATGGACCCTCGCGACTGCTTAACTTCGATGTGGATAAATGGGTTCACCTTAACTGCGCCCTGTGGTCCAACGGCGTGTACGAGACGGTGTCTGGGGCGCTGATGAACTTCCAGACAGCTCTGCAAGCGGGACTGAGCCAGGCGTGTAGCGCTTGTCACCAACCAGGCGCCACCATCAAGTGTTTCAAGTCGCGCTGCAACAGCCTGTACCACCTGCCATGCGCCATTCGCGAGGAGTGCGTCTTTTACAAGAACAAGTCCGTGCACTGCAGCGTTCATGGTCATGCTCATGCCGGCATCACGATGGGTGCAGGAGCAGGCGCCACGACTGGCGCCGGATTAGGAGGCTCTGTGGCAGATAATGAACTGAGCTCCCTGGTTGTCCACCGGAGAGTTTTTGTCGATCGGGATGAAAACCGTCAGGTGGCCACCGTCATGCACTATTCAGAGCTAAGCAACCTGCTCCGTGTGGGCAACATGACGTTCCTGAACGTGGGTCAGTTACTGCCGCATCAGCTGGAGGCCTTCCACACACCCCACTACATCTACCCCATTGGCTACAAGGTGAGTCGCTACTACTGGTGCGTGCGACGACCCAATCGTAGGTGTCGATACATTTGCAGTATCGCAGAGGCCGGATGCAAGCCCGAGTTTCGCATCCAGGTGCAGGACGCCGGCGACAAGGAGCCGGAGCGCGAGTTTCGGGGCAGTTCGCCCTCGGCGGTCTGGCAGCAGATTCTGCAGCCAATCACGCGACTGCGTAAGGTGCACAAGTGGTTGCAGCTCTTTCCCCAGCACATCAGTGGTGAGGACCTATTTGGCCTAACGGAACCGGCCATTGTGCGAATCCTGGAAAGCCTCCCGGGCATTGAGACGCTCACTGACTACCGCTTCAAGTACGGTCGCAACCCGCTTCTTGAGTTCCCGCTAGCCATCAATCCGTCTGGAGCGGCGCGTACGGAACCCAAGCAACGACAGCTGCTCGTCTGGAGGAAGCCGCATACGCAACGCACGGCCGGCAGCTGCAGCACGCAGCGGATGGCCAACTCGGCTGCGATTGCCGGAGAAGTGGCCTGCCCGTACAGCAAGCAGTTCGTGCATTCGAAGAGCTCCCAGTACAAAAAGATGAAGCAGGAGTGGCGCAACAACGTCTACTTGGCGAGATCTAAGATCCAGGGTCTTGGCTTGTATGCAGCTCGGGACATTGAAAAGCACACCATGATAATCGAGTACATTGGCGAGGTTATCCGCACCGAGGTCTCCGAGATACGCGAGAAGCAGTACGAGTCCAAGAACCGTGGCATCTACATGTTCCGGCTGGATGAAGACCGCGTGGTGGACGCCACTCTAAGCGGCGGGTTGGCGCGCTACATCAACCATTCGTGCAATCCCAACTGTGTTACCGAGATAGTGGAGGTCGATCGCGACGTGCGGATCATAATATTCGCCAAGCGGAAGATCTATCGCGGCGAGGAGCTCTCGTACGACTACAAGTTCGACATTGAGGACGAGTCGCACAAGATACCGTGCGCCTGTGGAGCGCCCAACTGTCGCAAGTGGATGAACTAG,2.1.1.370
Q6BTC8,ATGGAGAATATTGCTCACCATAATACAACGTACAATATAACTCCAATATGTCTGGACTCTTCAGAATGTTCGAGTATGGAAATGTTACCGCTAGGTTGTAAAACCCATCTGGACAAAAGTGACGCCAGACGGAACTTAATGGACACAGGAATATATACACCTGATAGTAATTCCGATTCTTCAGATCCAAGATCAGATAGTAGTTGTGTCGACGTGTCCAACTCGCTCGCTGTTTCACATCCAATTTCGTTTTGCAATTGGACAGACGAAGAGAGTAGTTTACTTACAGAACATATAAAGACTGATCTCACATCAGAAGCATTAACTTCTGCATTTCCTAACAAGTCACTTGCATTGATTATAAGGAAAATCCATGACCTACAACCTGTTCTCGATTGGACAAAAAATGAAATATATTTATTAGCTGGAATAATATTGAATGATTCAAATTCCGCCATAAGGCGTCATAAACATAAATTTCCTTGCCGAAATGTTTCTAATTTAAACAAGAAATTCCAACACTACAAAAATATGGTACGAAGGTTGAATGGAGTGGATCATTCTAAGTGGACAAAGCCAGAGATAGCCTCTCTAATTTCTTTGATAGATTATGACCTTACTAAGACAAAATTGCAAAAAGAGCTTCCTAATAAAAACATTGAAGAAATCAAGGATCTTACTAACGAAATGAGGATTCATTCAAATTTCAGCCACGTCGAATCTGTATTATTTGAACAAACAATGACTGAAAATGACCCAATTGAGATTGTTTTAGATCAGTTTCCTCTCAAAAATAAAGAAACATGCAAAAAAAGACTATTAAAATTGAATGAGTTATCACAGCATAGAGATATGGCAAAAAGAAGATTAGACGAGTTCGAGAGTCTTATTCAAAATGAACTCAAGCAAATAAAGGACTCCATAGATTTGACACGCTTAAAGTATTTACTTGTAAATGATCTTACAGGAAAACAGCTTAGATCACTGTTTCCTGGTATTTCTATGAAATATTTGAAACTTATTGCTAAGGAGATGGGTTTCGATGAAGCCGGAGAATATACACTTGCAGAAATGAATTTCTTGAAGAAAGCTCTCCAGGAGAATGCAAAATTAAAATCAATCATTGATGAGTTGCCGTTCAGAAGCCAATTATCTATCGAAACAAAGATAAATAGCGTAGAACCAAATCGAAGGAGATCAGTATTTACAAGTCAAGTTGATGAATTATTATACATGGCTAAATGGTATAGCTCAGACAATTTTGGTAATTTGAGTCGTAGAAGAAACTCTCGTTATGCATCTAAATTAGATAAACCTAAAGATAAAGCTAGTGATATAATGCAGCCTAGTAAATTGCATTTAGAAAACGAAGAAGTAACGGAAGCGAAAGTAATTCCACATGATAAAGGAGTCGAAAACATGATCTCAGATCATAAATTGAAAGGTAAAAATAATGAACAGAAGAAAAGAAAATCAAAAAAACCAACGTCTATGGTTGAAGTCTTAAAGGAGGAATCGGCATACTTTCAAAGTGTTACCGGTAATAGGTGTGTACTCAAAGAAGGTCAAAAGAGAAAGCGTGAGAGACTAATGCAGATCAAGTTGGAGACGAAACTTAAAAAGCCAAAAAGTCAAAATCTTAATGAAACAAACAGAATACAAGAAACTAAAAAATTAATGAAATGCGACGTTGAGCCTGACAAGGTCAAAGAACAGAAATCTTTCAAGTCTGAAAACTTAAAGGAAGCTAAACTTGATGCTTCCGATAGTCTGATTGTTTCTGATGTTGAAATATCTTTAAAAAAGAAGCTCAATAAAATCGAAAATGAGGAGAAAAGAAGCCCTTATGACCCAGAAGATATTTCTACAGATACATTGGTCCCTTTATATGGACGGCAACTATATGTGAATGAAGTCTATGAAACTCAACCTCGGCCGCCTAAGTTATCATTTAGAGAAGATACCAATATTATGGTTCAAAATTGTAGCGAAATATCTCTTACTGATACCATAGCAGCGGATATTATTTCACAGCATTGTAAGAATTATCGTGACATGCCAATTTCATTTCCACTGTTAACTATCGTGGATAGAAATACGAATAGGATGATACTCAACCCTATGAACAAAATAAGAATACGATTTTTGCTTTATCCTCAACATAGTGAGTTGTTTATTCTAGCAGAGCCTAAATCTAATGAGTTGGACCCCATAAATGAGATTAAGAAGTTGTTTCAACTTCATTACTCATTGTTCTTTTCTCATTCTTCAAAATTGAAGAAAATTATTTTAAGTGAGTATAATAAAGAAATCGATATTTCTATTGAGGAAAATGATTTCGTTAGGTTTATGTTTGTTATAGATAAATGGAACCGTTTAATGGTTGAATTAACACCTAATGATGTTGATATAGGTTCTCATGATATCAATGAAGAAATTAGGGCCTATTTGCTGCCTAATGAGATTAAAATACCCTCAGATGAAGACATTAGATTGGATATTTTCTATTCAGAAATCCAGCTATCGACTGAAGAGAATCCAATATCTGATAATGACCCTATTGAACCATCAAGTCCTTCATTCGATTTGATAAAATCTATGAAGCGTTGTTTCACACACGATTCATCAAACCGCCTTACACCTCCTATATCTTCAGAAGAGGATAATAAGGAAAATGAACCACCAATAGAAAGCGATTTCAGAAACAATAATAATAAAGGTTCTATACCTTGTACCCCGGTCAGGCTTAATACTAGAAATAAGATGGTTGTCAATGCCGTGAAGCCTGAAAACTACGAACTGAATTTCTTTCGTCATCTCAAAGAAAAGACTAGTGTATCTAGATTTTGCGTACAACAAATTCTTTTGCGTATATATTCGAGGATTGTATCTACAGAATCAAGGAAGCTTAGGTCCTATAAAGCTTTTACGGCTGAGGTCTATGGTGAATTATTGCCTTCGTTTACTAGTGAAGTCCTAACTAAAGTTAATTTGCAACCACAGCACAAATTCTACGATTTAGGTTCAGGAGTAGGAAATACTACTTTTCAAGCAGCTTTGGAATTCGGAGTACATCTTAGTGGTGGTTGCGAAATAATGGAACATGCTTCTAAATTGACTGAATTACAGACCATGCTACTTAATAAGCATTTGGCGTTGTTGGGGTTAAAAAAATTACCATTGAATTTTGCGCTCCTGCAAAGTTTTGTTGAGAATGATATTGTTCGTCAAGCAGTAATTGAATGTGATGTACTTCTTGTCAATAACTATCTCTTTGATGTTAATTTGAATACTGCTGTAGGAAAAATGTTGTATGGTTTAAAACCAGGCACGAAGATTATAAGTTTAAGAAATTTTATTAGACCAAGATATAAGGCTTCAAGTGATAAAACAATATTTGATTATTTGAAAGTTGAAAGGCATGAGATGAGTAACTACCTTTCTGTTAGTTGGACTGCAAATAAAGTACCATATTATATTTCTACGGTACAAGAAAATATTTGCGAGGAATATGTTTAA,2.1.1.43
P0DOY1,ATGAGGGGAGGTAGCAGACACCTCAGTAATGAGGAGGATGTCAGTGGATGTGAGGACTGTATTATCATCAGTGGGACCTGCAGTGACCAGTCTTCAGACCCCAAGACTGTTCCTTTGACCCAAGTCTTGGAGGCAGTCTGCACAGTGGAGAACAGAGGATGCAGAACAAGCTCACAACCATCCAAGAGGAAAGCATCCAGCCTGATTAGTTACGTTCAGGACCTCACAGGAGATGGAGATGAAGATAGGGATGGTGAGGTGGGGGGCAGCAGTGGCTCTGGCACTCCAGTGATGCCCCAACTCTTCTGTGAGACCAGGATACCCTCTAAAACCCCAGCACCCCTCAGTTGGCAAGCAAACACTTCAGCAAGCACGCCCTGGCTGTCCCCTGCCAGCCCTTACCCCATCATTGACCTCACAGATGAAGATGTGATACCCCAGAGCATCAGTACCCCATCGGTTGACTGGAGCCAGGACAGCCATCAGGAGGGCATGGATACCACACAGGTGGATGCAGAGAGCAGAGATGGAGGCAACATTGAGTATCAGGTCTCGGCTGACAAACTGTTGCTCAGCCAGTCCTGTATCCTGGCCGCCTTCTATAAACTGGTTCCTTACAGGGAGTCTATATACCGTACTCTGGAGAAAGCCAGGGTGAGAGCTGGCAAGGCCTGCCCCAGCAGTCCTGGAGAGTCACTGGAGGACCAGCTGAAGCCCATGCTGGAGTGGGCCCACGGTGGCTTCAAGCCCACTGGGATCGAGGGCCTCAAACCCAACAAGAAGCAACCAGAGAACAAAAGTCGAAGACGCACAACCAATGACCCTGCTGCTTCTGAGTCCTCCCCACCCAAGCGCCTCAAGACAAATAGCTATGGCGGGAAGGACCGAGGGGAGGATGAGGAGAGCCGAGAACAGATGGCTTCTGATGTCACCAACAACAAGGGCAATCTGGAAGACCACTGTTTGTCGTGCGGTAGGAAGGACCCTGTGTCCTTCCACCCCCTCTTTGAGGGTGGGCTCTGTCAGAGTTGCCGGGACCGCTTCCTAGAGCTCTTCTACATGTATGACGAGGACGGCTATCAGTCCTACTGCACCGTGTGCTGTGAGGGCCGTGAACTGCTGCTGTGCAGTAACACAAGCTGCTGCAGATGCTTCTGTGTGGAGTGTCTGGAGGTGCTGGTGGGTGCAGGCACAGCTGAGGATGTCAAGCTGCAGGAACCCTGGAGCTGCTATATGTGCCTCCCTCAGCGCTGCCATGGGGTCCTCCGACGCAGGAAAGATTGGAACATGCGCCTGCAAGACTTCTTCACTACTGATCCTGACCTGGAAGAATTTGAGCCGCCCAAGTTGTACCCAGCGATTCCTGCAGCCAAAAGGAGGCCCATTAGAGTCCTGTCTCTGTTTGATGGAATTGCAACAGGGTACTTGGTGCTCAAGGAGTTGGGTATTAAAGTGGAAAAGTACATTGCCTCCGAAGTCTGTGCAGAGTCCATCGCTGTGGGAACCGTTAAGCATGAAGGCCAAATCAAATATGTGGATGACATCAGGAACATTACAAAGGAACATATTGACGAGTGGGGCCCGTTCGACCTGGTGATTGGTGGAAGCCCCTGCAATGATCTTTCCTGTGTGAATCCTGTCAGGAAAGGCCTGTTTGAGGGTACTGGCCGGCTCTTCTTTGAGTTTTACCGATTGCTAAATTACTCATGCCCTGAGGAGGAGGATGACCGCCCCTTCTTCTGGATGTTTGAGAATGTGGTAGCTATGGAGGTCGGTGACAAGAGGGACATCTCACGATTCCTGGAGTGTAACCCAGTGATGATCGATGCCATCAAGGTGTCTGCTGCTCACAGGGCCCGGTACTTCTGGGGTAACCTACCCGGAATGAACAGGCCCGTGATGGCTTCAAAGAATGATAAGCTCGAGCTGCAGGACTGCCTGGAGTTCAGTAGGACAGCAAAGTTAAAGAAAGTGCAGACAATAACCACCAAGTCGAACTCCATCAGACAGGGCAAAAACCAGCTTTTCCCTGTAGTCATGAATGGCAAGGACGACGTTTTGTGGTGCACTGAGCTCGAAAGGATCTTCGGCTTTCCTGAACACTACACAGACGTGTCCAACATGGGCCGTGGCGCCCGTCAGAAGCTGCTGGGCAGGTCTTGGAGTGTGCCAGTCATCAGACACCTGTTTGCCCCCTTGAAGGACCACTTTGCCTGTGAATAG,2.1.1.37
Q09956,ATGGACACAGAATTTGCGATTCTTGATGAAGAGAAATACTACGATTCAGTCTTCAAAGAACTAAATCTGAAAACTCGCTCAGAATTATATGAGATCAGCTCAAAATTTATGCCCGATTCGCAATTCGAAGCCATCAAGCGTCGCGGAATTTCAAATCGAAAAAGAAAAATTAAAGAAACTTCAGAAAATTCAAATAGGATGGAACAAATGGCATTAAAGATTAAAAATGTTGGCACTGAATTAAAAATTTTTAAGAAAAAATCAATCTTGGACAATAATTTGAAATCCAGAAAAGCTGCGGAAACAGCGTTGAACGTGTCAATCCCCAGTGCTTCTGCATCTTCAGAGCAAATAATCGAGTTCCAGAAATCAGAATCCTTGAGTAATTTAATGTCGAATGGAATGATCAACAATTGGGTACGGTGCTCTGGCGACAAGCCGGGTATCATTGAAAATTCAGACGGAACAAAATTCTATATACCTCCTAAATCTACATTTCATGTTGGAGATGTGAAGGATATTGAACAGTATTCAAGAGCACATGATCTCCTCTTCGACTTGATCATTGCCGATCCACCATGGTTCAGTAAATCAGTGAAACGAAAACGAACATATCAAATGGACGAAGAAGTTCTAGATTGTCTCGATATTCCTGTCATATTAACTCATGATGCTCTGATTGCTTTCTGGATCACAAATCGGATAGGAATTGAGGAAGAAATGATAGAAAGATTCGATAAATGGGGAATGGAAGTTGTTGCCACTTGGAAATTGCTGAAAATCACAACACAAGGAGATCCAGTTTATGATTTTGATAACCAAAAACATAAAGTTCCATTTGAATCACTGATGTTGGCGAAGAAAAAGGATTCGATGAGAAAGTTTGAGTTGCCGGAGAATTTTGTTTTTGCCAGCGTTCCAATGTCAGTACACTCTCACAAACCTCCATTGCTCGATCTTCTCCGTCATTTTGGAATCGAATTCACAGAACCTCTGGAACTCTTCGCCCGATCTCTTCTTCCATCAACCCACAGTGTTGGTTACGAACCATTCCTTCTACAATCTGAACATGTTTTCACTCGAAATATCTCTTTG,
A0LL58,TCAGCCTTCCCATCCCCATTTGCCGACCAGGTCGACAAAGCGCACTCCGCCCAAATTCGTGTGTTTCATTCCTTCGGGACCGGATTCAACCAGGACCAGCTCCTGGGCCAGGCGGTCTCCGACCGGCACCACCAGCCGTCCCCCTTCGGCAAGCTGATCCAGCAAAGGCTGAGGAATCTTGGGCGTACCCGCCGTCACCAGGATTGCGTCGAAAGGCGCCTCGTCCGGCCACCCCAGAGTGCCGTCAGCCACCCTCACGATGATATTCTTATATCCGAGCTTCTGTAAAGTCTGATTGGCGCGATAAGCCAGGTTGGGATTGCGCTCGATACTGAACACACGCTCCGCCAGCTCGGCGAGAACGGCCGCCTGGTAGCCCGAACCGGTGCCGATTTCAAGTATCTTCTCGTGTCCCTGGAGCTCGAGGGACTGGGTCATCAATGCCACGATGTAAGGCTGGGAGATGGTCTGCTTGTCCCCGATGGGCAGGGGATGATCGCTGTGGGCCTGCTCCTTGAGGGCTTCATCCACGAACAAGTGACGCGGGACTTTCCGCATGGCTTCGAGGACCCTTCGATCGTGAATCCCGCGGGAAACGAGCTGCGTTTCCACCATGCGATCGCGTGCCTTTTGAAAGTTGATCAT,5.4.99.12
Q6LWZ3,ATGGATGCTACAAGCTTTATATTACCTCTTGCGGAAATAACCATTGCGGGAGCGATTATCAACGCAAGTGTTCACTTCGTTCCAGTAGGTGGTGCTCCAGCAGCGATGGCTACTTCAACAGGGGTAGGTACAGGTACAACACAGTTAGCAGCAGGTGCAGGTTTTACCGGACTCTTAGCTGCAGCTGCAATGGCTTCGCAAGCAGGTGTTTCACTGTCTAATCCAGTTCACATGTTATTAATCATGTTATCTGGTGCTGTCGGTGCAATGATCATGTTAGGTCTTACAATGTTAATTGGTCAGATTATCTATGTATACGGTATTGGTATCGTCCCTGCAGCAGATAAATGTGAAAAAGACCCTATTACGGGAGATATTCAAAAACCATACATTACACCAGGTACAACAGGACACGGTATTCCAACCGTATGTTTTGTAAGTGGTACAATTGGTGCAGCTCTTGGTGGTCTTGGTGGTGCTCTTGCATACATCGCACTCCAGCAGTTAGGATTTGCTGCAGCTATTGCAGGTGTATTGGCAGTTGGATTCTTCTTCATGAACGCAGTATTAGCTTCATACAATATTGGTGGTACAATCGAAGGATTCCACGACCCTAAATTTAAGAAAATGCCAAACGGAGTTATTGCTTCATTTGTTTCTTCATTAATCGCAGGAGCAGTATTAATTGGAATGGCTATGGGACTT,7.4.2.-
A2BQ15,ATGGCTAAACGTTACCTTCTTGATTTTGAAAAGCCTCTTGTTGAACTTGAGAAGCAGATAGAGCAAATTAAAGAATTAGCTCGAGATTCAGAGGTAGATGTTAGTCAACAGCTTCTACAACTTGAAACCTTAGCTGCTAGAAGAAGAGAAGAAATATTTAAATCTCTCACCCCTGCTCAAAAGATTCAGGTAGCTAGACATCCGCAAAGACCAAGTACTTTAGACTTTGTTCAAATGTTTTGTGATGACTGGATCGAATTACATGGAGACAGAAATGGTGGCGATGATATGGCATTAATTGGGGGGATAGGTTCGATAAATAATAGACCAGTGTTGATGTTAGGGCATCAGAAAGGAAGGGATACAAAAGAAAATGTAGTAAGAAACTTTGGGATGGCAAAACCAGGAGGTTACAGAAAAGCTCTTAGATTAATGCAGCATGCAAATAGATTCGCTTTGCCAATTCTTACATTTATTGATACTCCTGGAGCTTATGCTGGTTTAAAAGCTGAAGAACAAGGTCAAGGTGAAGCAATTGCAAGAAACCTTCGAGAGATGTTTGGCTTGAAAGTTCCAATTGTTGCTACCGTAATTGGAGAAGGAGGTTCAGGAGGCGCACTTGGAATAGGTGTCGCCGATAGGTTACTAATGTTTGAACACAGTGTTTATACGGTTGCTAGTCCAGAAGCATGTGCATCAATTTTGTGGAGAGATGCTGCGAAGGCACCAGAAGCCGCATCGGCACTTAAAATTACAGGCAATGATTTACTTAAATTAGGTATTATAGATGAGGTTTTACCAGAACCTTCTGGTGGGAATAATTGGGCTCCTTTAGATGCTGGTAATACACTAAAAGAGGCTATTGAGAAACATCTGAATGCTCTACTTCAAATGCCTGAAGACCAATTAATTGAGGAAAGATACAAAAAGTTCAGGATTTTAGGTAAATTTATCGAAGCAAATAATATTGAAGAGATTTATAGTGAAATCCCCCAAAAAACCGAA,3.1.26.4
Q12006,ATGCCAGTAAAGTTAAGGTGGCCTTGGTTAGGAATTGCTATACCAACGTTTCTGATTTCATTTATAGGCTATGGTGCACACTACTTTATTTTATCCAATTTCTTGTCAGTTCCGAAACAAATAACATTTGAGTTCTGTTTGTCAATGATATGGCTCTCCTATTACTTGGCCATCTGCACAAATCCAGGAAGGCCTTTGCCCAACTACAAACCACCCCCTGATATCTGGCGGAATTTCTGTAAGAAGTGCCAAAGTTATAAGCCAGAACGTTCACATCATTGTAAAACCTGCAATCAATGCGTCCTAATGATGGATCATCATTGTCCGTGGACGATGAATTGCGTCGGCTTTGCAAACTATCCGCATTTCCTTAGATTCTTATTTTGGATCATAGTGACGACTAGTGTTTTATTTTGCATACAAGCTAAGCGGATATATTTTATTTGGCAACAAAGGCACTTGCCTGGCTACTTCTTCAAAAAATCAGAACTGATTTTCTTAACAATATCGAGTCCTTTAAATTCTTTTGTCCTACTAACGATAACAATTCTTTTCCTACGATGTTTATTCAATCAAATCTTGAATGGAAGATCTCAAATTGAGTCGTGGGATATGGATCGGCTAGAATCTTTGTTCAACTCCGGAAGATTAACTCAGAAATTAATTGATAATACTTGGAGAATATATCCAGAGTCGAGGTCGTTTCAAAATAAAAAGGATGCTGAGGAACACTTGACAAAAAAAAGGCCACGTTTTGATGAACTTGTAAATTTCCCTTACGATTTTGATTTGTACACTAATGCATTACTGTACCTTGGTCCCATTCATTTATGGTTATGGCCATATGGTGTTCCTACGGGAGATGGGAACAATTTTCCAAAAAACGGTATTTCAAAATATGAGGCTAACTCCTCATTGGAAGACCACATCCTTTCACTTCCCTGGCCACCAGATGGAGGTAAAACAAACACCGTCTTCAATCATGGCAGCTCAACAATAGAGATGCGTAATGAAAGTGGCGAACAGCTAATAAGGACCAGACTTCCTCAAAATGGCAGACATGCTTCTCGTGAGAAGTGGTACAACGACTGGGGTGAATCACTAGACGATTTTGGAGTGGATGTTGATATGGAA,2.3.1.225
Q9KTE4,TTATCTAGCCCGGCGCTGGCGCCAGAAAGCGAACCCAGCCGCTAAGCCTACCCAAAGGTAGAGTGGCGTTGTGCCCCATAGGAAGTAAGGTGTACTACCGCGAGTCGGGGTGACCGTTGCTTTTAGCACGCCAGTTTCGAATTGTGGCAGCTGAGCCATAATGCGTCCACGCTCATCGGTGACGGCCGTCACTCCATTGTTGGTGGCGCGGATCAGCGGCTTGCCCAATTCTAAGGCGCGCATGCGAGCGATTTCCATGTGTTGCAATGGGCCTATCGAACGACCAAACCAAGCATCATTCGAAAGCGTCAGTAGGAAGTCGGTGTCTGGCGTCACATTATCGCGTACCTGCTCATTGAAGATGATTTCGTAGCAGAGTGCGGTGACAAATGCGAAACCCTTTGCAATCAAATTCGGTTGCACGTAAGCCCCTTGGCTAAAGGAGGACATCGGCAAATTAAAGAATGGAGCTAATGGACGCAGGATCTCTTCAAACGGCACGAATTCGCCAAAAGGCAACAAGTGGTACTTATGGTAGCGCTGAGTCAGATCATAACGGTATTCGCCATGAGGCGTATCACCGACGGTCAGCACGCTATTGAAGTACTGCTTATCATCACTTTGATTGATGATGCCAGTAATCACCGCGCTTTGGTTCATACGTGCCGCAGCATCAAGATTATGCAGAAATGAGGAGATTTCATATTCAAAAGCGGGGATCGCCGCTTCTGGCCAAATGATCACATCGGCATCCCAGTTTTCGCGAGTAAGATCGGTGTATTTCATGATGGTTGGCCAGCGCTGGCTAGGCAGCCATTTCAATCCCTGTTCGATATTGCCTTGAATCAAGGCCAGTGAGGCTGTGCGCTCAGTTTGTGGGGTGACCCACTGCATGGCTTGGAGGCCATAACCGGTTGCGTAAACCACAAGAGGGATGCAAGCCATCAGCCAACGGCGATTAAGTACGGCATAAGCTAAGCTACCAGCACAAAACAGCAATAACAGCGTGATGAGCTCTACGCCACCGATAGGGGCAAAGTTGGCGAGAGGGCTATCAATTTGGCTATAACCGAGCCACAGCCAAGGAAAACCCGTCATCACCCAACCACGTAGCCAATCGGTAATCAGCCACAAAGCTGGGGCAGCACATAACCATTTACTGCGTGAGTTGTTCGGAAACAAGCGATTAAGTAGCCAGCCGAAAAGGCTTGGATAAAGCGCCAGATAGCCGACCAATAGAGTCATTAAAAACAGGCTAGCGATTTTGGGCATGCCGCCAAACGTATCAATACTGACGTGTACCCAACTGATACCCACCGCAAATTGACCAATCCCCCAGAGATAAGCAATCAAAGCCGCTCGCTTGGCGCTTTGTTGGTGGAGCAGAAGCAGTAGGATAAATGGGCTGAGTAGAGCCAAAGGCCAAAATTGATACGGGGCAAAAGCCAGAGGAGTTATGACGCCAACAAAAGCGGCCGCAAGCGGCCGCATTAGGCGATGAGATAATACGCTGTTCAT,3.4.11.2
Q5SVQ0,ATGGCGATAGGTGTTGTAAAGAGAAATGCAGGCAGTAGTTCAGATGGAACCGAAGATTCCGATTTTTCTACAGATCTCGAGCATACAGACAGTTCAGAGAGTGATGGCACCTCGCGCCGATCTGCCCGAGTCACCCGCTCCTCAGCCAGGCTAAGCCAGAGTTCCCAAGATTCCAGCCCTGTTCGAAATTTGCCGTCTTTCGGCACTGAGGAGCCTGCCTATTCTACCAGAAGGGTGACCCGTAGTCAGCAGCAGCCCACGCCAGTGACTCCAAAAAAGTACCCTCTTCGACAGACTCGCTCATCTGGCTCTGAAACGGAGCAGGTGGTGGACTTTTCAGATAGAGAAACTAAAAATACAGCTGATCATGATGAGTCACCACCTCGAACTCCAACCGGAAATGCACCTTCTTCTGAGTCTGACATAGACATCTCCAGCCCCAACGTGTCTCATGATGAGAGCATTGCCAAGGACATGTCCCTGAAGGACTCAGGCAGTGATCTCTCTCACCGTCCCAAGCGACGTCGATTTCACGAAAGCTACAATTTCAACATGAAGTGTCCTACGCCGGGCTGCAACTCTCTAGGACATCTTACAGGAAAGCACGAGAGACATTTCTCCATCTCAGGATGCCCGCTGTATCATAACCTCTCAGCTGACGAATGCAAGGTGAGAGCACAGAGCCGGGATAAGCAGATAGAAGAAAGGATGCTGTCCCACAGGCAAGATGACAACAACAGGCATGCAACCAGGCACCAGGCACCAACAGAGAGACAGCTGCGGTATAAGGAAAAGGTGGCTGAACTCAGGAAGAAAAGAAATTCTGGACTGAGCAAAGAGCAGAAGGAGAAATACATGGAACACAGACAGACCTATGGGAACACTCGGGAGCCTCTCTTGGAAAACCTGACAAGTGAATATGACTTAGATCTTTTCCGAAGAGCACAAGCCCGGGCTTCTGAGGATTTGGAGAAGTTAAGGCTTCAAGGCCAAATCACAGAGGGAAGCAACATGATTAAAACAATTGCTTTTGGCCGCTATGAACTGGACACTTGGTACCACTCTCCCTATCCTGAGGAATATGCGAGGCTGGGACGTCTCTACATGTGTGAATTCTGCTTAAAGTACATGAAGAGCCAGACAATCCTCCGCCGACACATGGCCAAGTGTGTGTGGAAACACCCCCCTGGTGATGAGATTTATCGCAAAGGCTCCATCTCTGTGTTTGAAGTAGACGGCAAGAAGAACAAGATCTACTGCCAAAACCTCTGCCTTTTGGCAAAGCTTTTTCTGGACCATAAGACGCTATACTATGATGTAGAACCTTTCCTGTTCTACGTTATGACAGAAGCGGACAATACTGGCTGTCATCTGATTGGATATTTTTCTAAGGAGAAGAATTCATTTCTCAACTATAATGTCTCGTGCATCCTCACCATGCCTCAGTACATGCGACAGGGCTACGGGAAGATGCTGATCGATTTCAGTTATTTACTTTCCAAAGTAGAAGAGAAAGTCGGCTCTCCAGAGCGCCCACTGTCAGACCTGGGGCTCATAAGCTACCGCAGCTACTGGAAGGAGGTACTGCTCCGATACCTGCACAACTTCCAGGGCAAGGAGATCTCCATCAAAGAAATTAGCCAGGAAACAGCTGTGAATCCCGTGGACATTGTCAGCACTCTGCAAGCCCTTCAGATGCTCAAGTATTGGAAAGGCAAGCACCTAGTTTTAAAGAGACAGGACCTGATAGATGAGTGGATAGCCAAAGAGGCCAAAAGGTCCAACTCCAACAAAACCATGGATCCAAGCTGCTTAAAATGGACCCCTCCCAAGGGCACTTAA,2.3.1.48
Q42868,ATGGCCAAAACTAGAACTAGCTCTCTCCGCAACAGGAGACAACTAAAGACGGCTGTAGCTGCTACTGCTGATGATGATAAAGATGGGATTTTTATGGTATTGCTATCGTGTTTCAAAATTTTCGTTTGTTTTGCGATAGTGTTGATCACGGCGGTGGCATGGGGACTAATCATGGTCTTGCTCTTACCTTGGCCTTATATGCGGATTCGACTAGGAAATCTATACGGCCATATCATTGGTGGATTAGTGATATGGCTTTACGGAATACCAATAGAGATCCAAGGATCTGAGCATACAAAGAAGAGGGCCATTTATATAAGCAATCATGCATCTCCTATCGATGCTTTTTTTGTTATGTGGTTGGCTCCCATAGGCACAGTTGGTGTTGCAAAGAAAGAGGTTATATGGTATCCGCTACTTGGACAACTATATACATTAGCCCATCATATTCGTATAGATCGGTCGAACCCGGCTGCAGCTATTCAGTCTATGAAAGAGGCAGTTCGTGTAATAACCGAAAAGAATCTCTCTCTGATTATGTTTCCAGAGGGAACCAGGTCGGGAGATGGCCGTTTACTTCCTTTCAAGAAGGGTTTTGTACATCTAGCACTTCAGTCACACCTCCCCATAGTTCCGATGATCCTTACAGGTACACATTTAGCATGGAGGAAAGGTACCTTCCGTGTCCGGCCAGTACCCATCACTGTCAAGTACCTTCCTCCTATAAACACTGATGATTGGACTGTTGACAAAATTGACGATTACGTCAAAATGATACACGACATTTATGTCCGCAACCTACCTGCGTCTCAAAAGCCACTTGGTAGCACAAATCGCTCAAAG,2.3.1.51
